Hours,Score,Predicted,Residuals
1,30,31.999999999999993,-1.999999999999993
2,35,39.33333333333333,-4.333333333333329
3,50,46.666666666666664,3.3333333333333357
4,55,54.0,1.0
5,65,61.333333333333336,3.6666666666666643
6,70,68.66666666666667,1.3333333333333286
7,75,76.0,-1.0
8,85,83.33333333333334,1.6666666666666572
9,90,90.66666666666669,-0.6666666666666856
10,95,98.00000000000001,-3.000000000000014
